[{"model": "contenttypes.contenttype", "pk": 1, "fields": {"app_label": "admin", "model": "logentry"}}, {"model": "contenttypes.contenttype", "pk": 2, "fields": {"app_label": "auth", "model": "group"}}, {"model": "contenttypes.contenttype", "pk": 3, "fields": {"app_label": "auth", "model": "permission"}}, {"model": "contenttypes.contenttype", "pk": 4, "fields": {"app_label": "auth", "model": "user"}}, {"model": "contenttypes.contenttype", "pk": 5, "fields": {"app_label": "contenttypes", "model": "contenttype"}}, {"model": "contenttypes.contenttype", "pk": 6, "fields": {"app_label": "sessions", "model": "session"}}, {"model": "contenttypes.contenttype", "pk": 7, "fields": {"app_label": "manager", "model": "vehicle"}}, {"model": "contenttypes.contenttype", "pk": 8, "fields": {"app_label": "manager", "model": "uservehicle"}}, {"model": "contenttypes.contenttype", "pk": 9, "fields": {"app_label": "manager", "model": "client"}}, {"model": "contenttypes.contenttype", "pk": 10, "fields": {"app_label": "manager", "model": "kind"}}, {"model": "contenttypes.contenttype", "pk": 11, "fields": {"app_label": "manager", "model": "brand"}}, {"model": "contenttypes.contenttype", "pk": 12, "fields": {"app_label": "manager", "model": "country"}}, {"model": "contenttypes.contenttype", "pk": 13, "fields": {"app_label": "manager", "model": "state"}}, {"model": "contenttypes.contenttype", "pk": 14, "fields": {"app_label": "manager", "model": "city"}}, {"model": "contenttypes.contenttype", "pk": 15, "fields": {"app_label": "manager", "model": "clientvehicle"}}, {"model": "contenttypes.contenttype", "pk": 16, "fields": {"app_label": "country", "model": "country"}}, {"model": "contenttypes.contenttype", "pk": 17, "fields": {"app_label": "client", "model": "client"}}, {"model": "contenttypes.contenttype", "pk": 18, "fields": {"app_label": "client_vehicle", "model": "clientvehicle"}}, {"model": "contenttypes.contenttype", "pk": 19, "fields": {"app_label": "brand", "model": "brand"}}, {"model": "contenttypes.contenttype", "pk": 20, "fields": {"app_label": "vehicle_kind", "model": "vehiclekind"}}, {"model": "contenttypes.contenttype", "pk": 21, "fields": {"app_label": "vehicle", "model": "vehicle"}}, {"model": "contenttypes.contenttype", "pk": 22, "fields": {"app_label": "state", "model": "state"}}, {"model": "contenttypes.contenttype", "pk": 23, "fields": {"app_label": "city", "model": "city"}}, {"model": "sessions.session", "pk": "8ko3hpprcy8q15cxlr89xh4f3iqfsgcy", "fields": {"session_data": "MThmYTk4ZDY3YjE0NmJhOTJhYTZiZDI3MDUzZGRjMjJmNGVjMzdjMDp7Il9hdXRoX3VzZXJfaGFzaCI6IjMyOWRhNjZkMTc0YWM5ODQ2MmI4MjM3NzU2YTExNDZlY2MyZjEyNTgiLCJfYXV0aF91c2VyX2JhY2tlbmQiOiJkamFuZ28uY29udHJpYi5hdXRoLmJhY2tlbmRzLk1vZGVsQmFja2VuZCIsIl9hdXRoX3VzZXJfaWQiOiIxIn0=", "expire_date": "2018-10-22T21:50:34.274Z"}}, {"model": "sessions.session", "pk": "rbpvgrup1x07s2jal6o6m892ptm6lttj", "fields": {"session_data": "MThmYTk4ZDY3YjE0NmJhOTJhYTZiZDI3MDUzZGRjMjJmNGVjMzdjMDp7Il9hdXRoX3VzZXJfaGFzaCI6IjMyOWRhNjZkMTc0YWM5ODQ2MmI4MjM3NzU2YTExNDZlY2MyZjEyNTgiLCJfYXV0aF91c2VyX2JhY2tlbmQiOiJkamFuZ28uY29udHJpYi5hdXRoLmJhY2tlbmRzLk1vZGVsQmFja2VuZCIsIl9hdXRoX3VzZXJfaWQiOiIxIn0=", "expire_date": "2018-10-23T03:02:21.382Z"}}, {"model": "sessions.session", "pk": "uk5ckg0m0urapffvfy9aruy6g361z15e", "fields": {"session_data": "NThlN2UzN2UyYmVlZGNhMTUwNTkzNjdjZjk2ZmFjMTZhOWY1MGM4Njp7Il9hdXRoX3VzZXJfaWQiOiIxIiwiX2F1dGhfdXNlcl9oYXNoIjoiMzI5ZGE2NmQxNzRhYzk4NDYyYjgyMzc3NTZhMTE0NmVjYzJmMTI1OCIsIl9hdXRoX3VzZXJfYmFja2VuZCI6ImRqYW5nby5jb250cmliLmF1dGguYmFja2VuZHMuTW9kZWxCYWNrZW5kIn0=", "expire_date": "2018-10-24T05:01:11.209Z"}}, {"model": "client.client", "pk": 1, "fields": {"email": "fabian.vargas@gmail.com", "identification": "10908090", "scanned_identification": "uploads/2018/10/09/user.png", "first_name": "Fabian Andres", "last_name": "Vargas Montoya", "created": "2018-10-09T03:32:55.503Z", "modified": "2018-10-10T07:28:46.512Z", "state": 1}}, {"model": "client.client", "pk": 2, "fields": {"email": "juan.daza@gmail.com", "identification": "101020203030", "scanned_identification": "scanned/default.jpg", "first_name": "Juan David", "last_name": "Daza Rios", "created": "2018-10-09T03:34:05.149Z", "modified": "2018-10-10T07:28:11.148Z", "state": 1}}, {"model": "client.client", "pk": 3, "fields": {"email": "miguel.ramirez@gmail.com", "identification": "30309070", "scanned_identification": "uploads/2018/10/09/user_cdHuSQk.png", "first_name": "Miguel Angel", "last_name": "Ramirez Zapata", "created": "2018-10-09T03:34:39.955Z", "modified": "2018-10-10T07:27:51.052Z", "state": 1}}, {"model": "client.client", "pk": 4, "fields": {"email": "ramiro.molina@gmail.com", "identification": "33333", "scanned_identification": "uploads/2018/10/10/suzuki.png", "first_name": "Ramiro Duvan", "last_name": "Molina Paez", "created": "2018-10-10T05:07:45.643Z", "modified": "2018-10-10T07:27:26.139Z", "state": 1}}, {"model": "client.client", "pk": 5, "fields": {"email": "ricardo.salazar@gmail.com", "identification": "50509088", "scanned_identification": "uploads/2018/10/10/Image_png_46x46_pixels_Ij4AZrL.png", "first_name": "Ricardo", "last_name": "Salazar", "created": "2018-10-10T22:18:44.984Z", "modified": "2018-10-10T22:25:33.467Z", "state": 1}}, {"model": "client.client", "pk": 6, "fields": {"email": "agatha.rivera@gmail.com", "identification": "505090889", "scanned_identification": "uploads/2018/10/10/Image_png_46x46_pixels_uBcvcI5.png", "first_name": "Agatha", "last_name": "Rivera", "created": "2018-10-10T22:45:29.102Z", "modified": "2018-10-10T22:45:29.102Z", "state": 1}}, {"model": "client.client", "pk": 7, "fields": {"email": "diana.medina@gmail.com", "identification": "5050", "scanned_identification": "uploads/2018/10/10/tumblr_ohytcenTKk1slhhf0o1_1280.jpg", "first_name": "Diana", "last_name": "Medina", "created": "2018-10-10T22:47:47.852Z", "modified": "2018-10-10T22:47:47.852Z", "state": 1}}, {"model": "client_vehicle.clientvehicle", "pk": 1, "fields": {"client": 1, "vehicle": 1, "created": "2018-10-09T03:36:26.513Z", "modified": "2018-10-09T03:36:26.513Z", "state": 1}}, {"model": "client_vehicle.clientvehicle", "pk": 2, "fields": {"client": 2, "vehicle": 3, "created": "2018-10-09T03:36:31.919Z", "modified": "2018-10-09T03:36:31.919Z", "state": 1}}, {"model": "client_vehicle.clientvehicle", "pk": 3, "fields": {"client": 3, "vehicle": 4, "created": "2018-10-09T03:36:36.758Z", "modified": "2018-10-10T06:52:56.750Z", "state": 1}}, {"model": "client_vehicle.clientvehicle", "pk": 4, "fields": {"client": 1, "vehicle": 6, "created": "2018-10-09T03:36:44.612Z", "modified": "2018-10-09T03:36:44.612Z", "state": 1}}, {"model": "client_vehicle.clientvehicle", "pk": 5, "fields": {"client": 2, "vehicle": 5, "created": "2018-10-09T03:36:52.626Z", "modified": "2018-10-09T03:36:52.626Z", "state": 1}}, {"model": "client_vehicle.clientvehicle", "pk": 6, "fields": {"client": 4, "vehicle": 9, "created": "2018-10-10T16:57:31.076Z", "modified": "2018-10-10T16:57:31.077Z", "state": 1}}, {"model": "client_vehicle.clientvehicle", "pk": 7, "fields": {"client": 4, "vehicle": 10, "created": "2018-10-10T16:59:09.442Z", "modified": "2018-10-10T16:59:09.442Z", "state": 1}}, {"model": "client_vehicle.clientvehicle", "pk": 8, "fields": {"client": 4, "vehicle": 11, "created": "2018-10-10T17:08:05.932Z", "modified": "2018-10-10T17:08:05.932Z", "state": 1}}, {"model": "client_vehicle.clientvehicle", "pk": 9, "fields": {"client": 4, "vehicle": 12, "created": "2018-10-10T17:09:47.073Z", "modified": "2018-10-10T17:09:47.073Z", "state": 1}}, {"model": "client_vehicle.clientvehicle", "pk": 10, "fields": {"client": 4, "vehicle": 13, "created": "2018-10-10T17:11:01.251Z", "modified": "2018-10-10T17:11:01.251Z", "state": 1}}, {"model": "client_vehicle.clientvehicle", "pk": 11, "fields": {"client": 4, "vehicle": 14, "created": "2018-10-10T17:16:13.611Z", "modified": "2018-10-10T17:16:13.611Z", "state": 1}}, {"model": "client_vehicle.clientvehicle", "pk": 12, "fields": {"client": 4, "vehicle": 15, "created": "2018-10-10T18:13:38.511Z", "modified": "2018-10-10T18:13:38.511Z", "state": 1}}, {"model": "client_vehicle.clientvehicle", "pk": 13, "fields": {"client": 4, "vehicle": 16, "created": "2018-10-10T18:15:17.157Z", "modified": "2018-10-10T18:15:17.157Z", "state": 1}}, {"model": "client_vehicle.clientvehicle", "pk": 14, "fields": {"client": 4, "vehicle": 17, "created": "2018-10-10T18:30:07.456Z", "modified": "2018-10-10T18:30:07.456Z", "state": 1}}, {"model": "client_vehicle.clientvehicle", "pk": 15, "fields": {"client": 4, "vehicle": 18, "created": "2018-10-10T18:31:18.497Z", "modified": "2018-10-10T18:31:18.497Z", "state": 1}}, {"model": "client_vehicle.clientvehicle", "pk": 16, "fields": {"client": 5, "vehicle": 19, "created": "2018-10-10T22:19:16.857Z", "modified": "2018-10-10T22:19:16.857Z", "state": 1}}, {"model": "brand.brand", "pk": 1, "fields": {"name": "Mazda", "image": "brands/mazda.ico", "created": "2018-10-09T03:27:40.100Z", "modified": "2018-10-09T03:27:40.100Z", "state": 1}}, {"model": "brand.brand", "pk": 2, "fields": {"name": "Suzuki", "image": "brands/suzuki.png", "created": "2018-10-09T03:27:50.289Z", "modified": "2018-10-09T03:27:50.289Z", "state": 1}}, {"model": "brand.brand", "pk": 3, "fields": {"name": "Honda", "image": "brands/honda.png", "created": "2018-10-09T03:28:02.226Z", "modified": "2018-10-09T03:28:02.226Z", "state": 1}}, {"model": "brand.brand", "pk": 4, "fields": {"name": "chevrolet", "image": "brands/None/no-img.jpg", "created": "2018-10-09T05:19:49.635Z", "modified": "2018-10-09T05:19:49.635Z", "state": 1}}, {"model": "brand.brand", "pk": 5, "fields": {"name": "bmw", "image": "brands/None/no-img.jpg", "created": "2018-10-09T05:20:17.424Z", "modified": "2018-10-09T05:20:17.424Z", "state": 2}}, {"model": "vehicle_kind.vehiclekind", "pk": 1, "fields": {"name": "Camioneta", "image": "kinds/camioneta_o5Hl3tQ.png", "created": "2018-10-09T03:23:57.013Z", "modified": "2018-10-09T03:23:57.013Z", "state": 1}}, {"model": "vehicle_kind.vehiclekind", "pk": 2, "fields": {"name": "Autom\u00f3vil", "image": "kinds/automovil_SLpc5o3.png", "created": "2018-10-09T03:24:36.987Z", "modified": "2018-10-09T03:24:36.987Z", "state": 1}}, {"model": "vehicle_kind.vehiclekind", "pk": 3, "fields": {"name": "Cami\u00f3n", "image": "kinds/cami\u00f3n.png", "created": "2018-10-09T03:25:13.430Z", "modified": "2018-10-09T03:25:13.430Z", "state": 1}}, {"model": "vehicle.vehicle", "pk": 1, "fields": {"enrollment": "abc123", "city": 4, "brand": 1, "kind": 2, "created": "2018-10-09T03:28:35.212Z", "modified": "2018-10-09T03:29:45.454Z", "state": 1}}, {"model": "vehicle.vehicle", "pk": 2, "fields": {"enrollment": "abc123", "city": 1, "brand": 2, "kind": 3, "created": "2018-10-09T03:28:47.164Z", "modified": "2018-10-09T03:28:47.164Z", "state": 1}}, {"model": "vehicle.vehicle", "pk": 3, "fields": {"enrollment": "def234", "city": 1, "brand": 3, "kind": 1, "created": "2018-10-09T03:30:02.397Z", "modified": "2018-10-09T03:30:02.397Z", "state": 1}}, {"model": "vehicle.vehicle", "pk": 4, "fields": {"enrollment": "ghi345", "city": 6, "brand": 3, "kind": 1, "created": "2018-10-09T03:30:25.027Z", "modified": "2018-10-09T03:30:25.027Z", "state": 1}}, {"model": "vehicle.vehicle", "pk": 5, "fields": {"enrollment": "jkl456", "city": 5, "brand": 1, "kind": 1, "created": "2018-10-09T03:30:46.444Z", "modified": "2018-10-09T03:30:46.444Z", "state": 1}}, {"model": "vehicle.vehicle", "pk": 6, "fields": {"enrollment": "mno567", "city": 4, "brand": 2, "kind": 3, "created": "2018-10-09T03:31:04.223Z", "modified": "2018-10-09T03:31:04.223Z", "state": 1}}, {"model": "vehicle.vehicle", "pk": 7, "fields": {"enrollment": "223ddk", "city": 1, "brand": 1, "kind": 1, "created": "2018-10-10T16:29:30.051Z", "modified": "2018-10-10T16:29:30.051Z", "state": 1}}, {"model": "vehicle.vehicle", "pk": 8, "fields": {"enrollment": "eer334", "city": 5, "brand": 4, "kind": 1, "created": "2018-10-10T16:38:57.405Z", "modified": "2018-10-10T16:38:57.405Z", "state": 1}}, {"model": "vehicle.vehicle", "pk": 9, "fields": {"enrollment": "eer335", "city": 5, "brand": 4, "kind": 1, "created": "2018-10-10T16:57:30.977Z", "modified": "2018-10-10T16:57:30.977Z", "state": 1}}, {"model": "vehicle.vehicle", "pk": 10, "fields": {"enrollment": "eer337", "city": 5, "brand": 4, "kind": 1, "created": "2018-10-10T16:59:09.324Z", "modified": "2018-10-10T16:59:09.324Z", "state": 1}}, {"model": "vehicle.vehicle", "pk": 11, "fields": {"enrollment": "000abc", "city": 3, "brand": 3, "kind": 3, "created": "2018-10-10T17:08:05.819Z", "modified": "2018-10-10T17:08:05.819Z", "state": 1}}, {"model": "vehicle.vehicle", "pk": 12, "fields": {"enrollment": "001bda", "city": 4, "brand": 3, "kind": 1, "created": "2018-10-10T17:09:46.910Z", "modified": "2018-10-10T17:09:46.910Z", "state": 1}}, {"model": "vehicle.vehicle", "pk": 13, "fields": {"enrollment": "002dkal", "city": 6, "brand": 4, "kind": 2, "created": "2018-10-10T17:11:01.236Z", "modified": "2018-10-10T17:11:01.236Z", "state": 1}}, {"model": "vehicle.vehicle", "pk": 14, "fields": {"enrollment": "003akd", "city": 2, "brand": 2, "kind": 3, "created": "2018-10-10T17:16:13.387Z", "modified": "2018-10-10T17:16:13.387Z", "state": 1}}, {"model": "vehicle.vehicle", "pk": 15, "fields": {"enrollment": "005", "city": 1, "brand": 1, "kind": 1, "created": "2018-10-10T18:13:38.363Z", "modified": "2018-10-10T18:13:38.363Z", "state": 1}}, {"model": "vehicle.vehicle", "pk": 16, "fields": {"enrollment": "006", "city": 4, "brand": 1, "kind": 1, "created": "2018-10-10T18:15:16.976Z", "modified": "2018-10-10T18:15:16.976Z", "state": 1}}, {"model": "vehicle.vehicle", "pk": 17, "fields": {"enrollment": "009abc", "city": 1, "brand": 1, "kind": 1, "created": "2018-10-10T18:30:07.433Z", "modified": "2018-10-10T18:30:07.433Z", "state": 1}}, {"model": "vehicle.vehicle", "pk": 18, "fields": {"enrollment": "010abc", "city": 1, "brand": 1, "kind": 1, "created": "2018-10-10T18:31:18.483Z", "modified": "2018-10-10T18:31:18.483Z", "state": 1}}, {"model": "vehicle.vehicle", "pk": 19, "fields": {"enrollment": "cd3ljs", "city": 3, "brand": 3, "kind": 2, "created": "2018-10-10T22:19:16.745Z", "modified": "2018-10-10T22:19:16.745Z", "state": 1}}, {"model": "state.state", "pk": 1, "fields": {"name": "Activo", "created": "2018-10-09T03:19:42.986Z", "modified": "2018-10-09T03:19:42.986Z"}}, {"model": "state.state", "pk": 2, "fields": {"name": "Inactivo", "created": "2018-10-09T03:19:50.083Z", "modified": "2018-10-09T03:19:50.083Z"}}, {"model": "state.state", "pk": 3, "fields": {"name": "Oculto", "created": "2018-10-09T03:19:56.400Z", "modified": "2018-10-09T03:19:56.400Z"}}, {"model": "country.country", "pk": 1, "fields": {"name": "Colombia", "created": "2018-10-09T03:20:10.852Z", "modified": "2018-10-09T03:20:10.852Z", "state": 1}}, {"model": "country.country", "pk": 2, "fields": {"name": "Ecuador", "created": "2018-10-09T03:20:16.447Z", "modified": "2018-10-09T03:20:16.448Z", "state": 1}}, {"model": "country.country", "pk": 3, "fields": {"name": "Argentina", "created": "2018-10-09T03:20:23.862Z", "modified": "2018-10-09T03:20:23.862Z", "state": 1}}, {"model": "city.city", "pk": 1, "fields": {"name": "Bogot\u00e1", "country": 1, "created": "2018-10-09T03:20:45.365Z", "modified": "2018-10-09T03:20:45.365Z", "state": 1}}, {"model": "city.city", "pk": 2, "fields": {"name": "Quito", "country": 2, "created": "2018-10-09T03:20:52.966Z", "modified": "2018-10-09T03:20:52.966Z", "state": 1}}, {"model": "city.city", "pk": 3, "fields": {"name": "Buenos aires", "country": 3, "created": "2018-10-09T03:21:01.180Z", "modified": "2018-10-09T03:21:01.180Z", "state": 1}}, {"model": "city.city", "pk": 4, "fields": {"name": "Cali", "country": 1, "created": "2018-10-09T03:21:07.842Z", "modified": "2018-10-09T03:21:07.842Z", "state": 1}}, {"model": "city.city", "pk": 5, "fields": {"name": "Guayaquil", "country": 2, "created": "2018-10-09T03:21:16.906Z", "modified": "2018-10-09T03:21:16.906Z", "state": 1}}, {"model": "city.city", "pk": 6, "fields": {"name": "Rosario", "country": 3, "created": "2018-10-09T03:21:42.984Z", "modified": "2018-10-09T03:21:42.985Z", "state": 1}}, {"model": "auth.permission", "pk": 1, "fields": {"name": "Can add log entry", "content_type": 1, "codename": "add_logentry"}}, {"model": "auth.permission", "pk": 2, "fields": {"name": "Can change log entry", "content_type": 1, "codename": "change_logentry"}}, {"model": "auth.permission", "pk": 3, "fields": {"name": "Can delete log entry", "content_type": 1, "codename": "delete_logentry"}}, {"model": "auth.permission", "pk": 4, "fields": {"name": "Can add group", "content_type": 2, "codename": "add_group"}}, {"model": "auth.permission", "pk": 5, "fields": {"name": "Can change group", "content_type": 2, "codename": "change_group"}}, {"model": "auth.permission", "pk": 6, "fields": {"name": "Can delete group", "content_type": 2, "codename": "delete_group"}}, {"model": "auth.permission", "pk": 7, "fields": {"name": "Can add permission", "content_type": 3, "codename": "add_permission"}}, {"model": "auth.permission", "pk": 8, "fields": {"name": "Can change permission", "content_type": 3, "codename": "change_permission"}}, {"model": "auth.permission", "pk": 9, "fields": {"name": "Can delete permission", "content_type": 3, "codename": "delete_permission"}}, {"model": "auth.permission", "pk": 10, "fields": {"name": "Can add user", "content_type": 4, "codename": "add_user"}}, {"model": "auth.permission", "pk": 11, "fields": {"name": "Can change user", "content_type": 4, "codename": "change_user"}}, {"model": "auth.permission", "pk": 12, "fields": {"name": "Can delete user", "content_type": 4, "codename": "delete_user"}}, {"model": "auth.permission", "pk": 13, "fields": {"name": "Can add content type", "content_type": 5, "codename": "add_contenttype"}}, {"model": "auth.permission", "pk": 14, "fields": {"name": "Can change content type", "content_type": 5, "codename": "change_contenttype"}}, {"model": "auth.permission", "pk": 15, "fields": {"name": "Can delete content type", "content_type": 5, "codename": "delete_contenttype"}}, {"model": "auth.permission", "pk": 16, "fields": {"name": "Can add session", "content_type": 6, "codename": "add_session"}}, {"model": "auth.permission", "pk": 17, "fields": {"name": "Can change session", "content_type": 6, "codename": "change_session"}}, {"model": "auth.permission", "pk": 18, "fields": {"name": "Can delete session", "content_type": 6, "codename": "delete_session"}}, {"model": "auth.permission", "pk": 19, "fields": {"name": "Can add vehicle", "content_type": 7, "codename": "add_vehicle"}}, {"model": "auth.permission", "pk": 20, "fields": {"name": "Can change vehicle", "content_type": 7, "codename": "change_vehicle"}}, {"model": "auth.permission", "pk": 21, "fields": {"name": "Can delete vehicle", "content_type": 7, "codename": "delete_vehicle"}}, {"model": "auth.permission", "pk": 22, "fields": {"name": "Can add user vehicle", "content_type": 8, "codename": "add_uservehicle"}}, {"model": "auth.permission", "pk": 23, "fields": {"name": "Can change user vehicle", "content_type": 8, "codename": "change_uservehicle"}}, {"model": "auth.permission", "pk": 24, "fields": {"name": "Can delete user vehicle", "content_type": 8, "codename": "delete_uservehicle"}}, {"model": "auth.permission", "pk": 25, "fields": {"name": "Can add user", "content_type": 9, "codename": "add_user"}}, {"model": "auth.permission", "pk": 26, "fields": {"name": "Can change user", "content_type": 9, "codename": "change_user"}}, {"model": "auth.permission", "pk": 27, "fields": {"name": "Can delete user", "content_type": 9, "codename": "delete_user"}}, {"model": "auth.permission", "pk": 28, "fields": {"name": "Can add kind", "content_type": 10, "codename": "add_kind"}}, {"model": "auth.permission", "pk": 29, "fields": {"name": "Can change kind", "content_type": 10, "codename": "change_kind"}}, {"model": "auth.permission", "pk": 30, "fields": {"name": "Can delete kind", "content_type": 10, "codename": "delete_kind"}}, {"model": "auth.permission", "pk": 31, "fields": {"name": "Can add brand", "content_type": 11, "codename": "add_brand"}}, {"model": "auth.permission", "pk": 32, "fields": {"name": "Can change brand", "content_type": 11, "codename": "change_brand"}}, {"model": "auth.permission", "pk": 33, "fields": {"name": "Can delete brand", "content_type": 11, "codename": "delete_brand"}}, {"model": "auth.permission", "pk": 34, "fields": {"name": "Can add country", "content_type": 12, "codename": "add_country"}}, {"model": "auth.permission", "pk": 35, "fields": {"name": "Can change country", "content_type": 12, "codename": "change_country"}}, {"model": "auth.permission", "pk": 36, "fields": {"name": "Can delete country", "content_type": 12, "codename": "delete_country"}}, {"model": "auth.permission", "pk": 37, "fields": {"name": "Can add state", "content_type": 13, "codename": "add_state"}}, {"model": "auth.permission", "pk": 38, "fields": {"name": "Can change state", "content_type": 13, "codename": "change_state"}}, {"model": "auth.permission", "pk": 39, "fields": {"name": "Can delete state", "content_type": 13, "codename": "delete_state"}}, {"model": "auth.permission", "pk": 40, "fields": {"name": "Can add city", "content_type": 14, "codename": "add_city"}}, {"model": "auth.permission", "pk": 41, "fields": {"name": "Can change city", "content_type": 14, "codename": "change_city"}}, {"model": "auth.permission", "pk": 42, "fields": {"name": "Can delete city", "content_type": 14, "codename": "delete_city"}}, {"model": "auth.permission", "pk": 43, "fields": {"name": "Can add client vehicle", "content_type": 15, "codename": "add_clientvehicle"}}, {"model": "auth.permission", "pk": 44, "fields": {"name": "Can change client vehicle", "content_type": 15, "codename": "change_clientvehicle"}}, {"model": "auth.permission", "pk": 45, "fields": {"name": "Can delete client vehicle", "content_type": 15, "codename": "delete_clientvehicle"}}, {"model": "auth.permission", "pk": 46, "fields": {"name": "Can add client", "content_type": 9, "codename": "add_client"}}, {"model": "auth.permission", "pk": 47, "fields": {"name": "Can change client", "content_type": 9, "codename": "change_client"}}, {"model": "auth.permission", "pk": 48, "fields": {"name": "Can delete client", "content_type": 9, "codename": "delete_client"}}, {"model": "auth.permission", "pk": 49, "fields": {"name": "Can add client", "content_type": 17, "codename": "add_client"}}, {"model": "auth.permission", "pk": 50, "fields": {"name": "Can change client", "content_type": 17, "codename": "change_client"}}, {"model": "auth.permission", "pk": 51, "fields": {"name": "Can delete client", "content_type": 17, "codename": "delete_client"}}, {"model": "auth.permission", "pk": 52, "fields": {"name": "Can add client vehicle", "content_type": 18, "codename": "add_clientvehicle"}}, {"model": "auth.permission", "pk": 53, "fields": {"name": "Can change client vehicle", "content_type": 18, "codename": "change_clientvehicle"}}, {"model": "auth.permission", "pk": 54, "fields": {"name": "Can delete client vehicle", "content_type": 18, "codename": "delete_clientvehicle"}}, {"model": "auth.permission", "pk": 55, "fields": {"name": "Can add brand", "content_type": 19, "codename": "add_brand"}}, {"model": "auth.permission", "pk": 56, "fields": {"name": "Can change brand", "content_type": 19, "codename": "change_brand"}}, {"model": "auth.permission", "pk": 57, "fields": {"name": "Can delete brand", "content_type": 19, "codename": "delete_brand"}}, {"model": "auth.permission", "pk": 58, "fields": {"name": "Can add kind", "content_type": 20, "codename": "add_kind"}}, {"model": "auth.permission", "pk": 59, "fields": {"name": "Can change kind", "content_type": 20, "codename": "change_kind"}}, {"model": "auth.permission", "pk": 60, "fields": {"name": "Can delete kind", "content_type": 20, "codename": "delete_kind"}}, {"model": "auth.permission", "pk": 61, "fields": {"name": "Can add vehicle", "content_type": 21, "codename": "add_vehicle"}}, {"model": "auth.permission", "pk": 62, "fields": {"name": "Can change vehicle", "content_type": 21, "codename": "change_vehicle"}}, {"model": "auth.permission", "pk": 63, "fields": {"name": "Can delete vehicle", "content_type": 21, "codename": "delete_vehicle"}}, {"model": "auth.permission", "pk": 64, "fields": {"name": "Can add state", "content_type": 22, "codename": "add_state"}}, {"model": "auth.permission", "pk": 65, "fields": {"name": "Can change state", "content_type": 22, "codename": "change_state"}}, {"model": "auth.permission", "pk": 66, "fields": {"name": "Can delete state", "content_type": 22, "codename": "delete_state"}}, {"model": "auth.permission", "pk": 67, "fields": {"name": "Can add country", "content_type": 16, "codename": "add_country"}}, {"model": "auth.permission", "pk": 68, "fields": {"name": "Can change country", "content_type": 16, "codename": "change_country"}}, {"model": "auth.permission", "pk": 69, "fields": {"name": "Can delete country", "content_type": 16, "codename": "delete_country"}}, {"model": "auth.permission", "pk": 70, "fields": {"name": "Can add city", "content_type": 23, "codename": "add_city"}}, {"model": "auth.permission", "pk": 71, "fields": {"name": "Can change city", "content_type": 23, "codename": "change_city"}}, {"model": "auth.permission", "pk": 72, "fields": {"name": "Can delete city", "content_type": 23, "codename": "delete_city"}}, {"model": "auth.permission", "pk": 73, "fields": {"name": "Can add vehicle kind", "content_type": 20, "codename": "add_vehiclekind"}}, {"model": "auth.permission", "pk": 74, "fields": {"name": "Can change vehicle kind", "content_type": 20, "codename": "change_vehiclekind"}}, {"model": "auth.permission", "pk": 75, "fields": {"name": "Can delete vehicle kind", "content_type": 20, "codename": "delete_vehiclekind"}}, {"model": "auth.user", "pk": 1, "fields": {"password": "pbkdf2_sha256$36000$QOxqm2TPXmKO$1wnb5rrKx+KnxIAqUCuA6XF/jATVce0RaZnMlOgjzDI=", "last_login": "2018-10-10T05:01:11.198Z", "is_superuser": true, "username": "admin", "first_name": "", "last_name": "", "email": "admin@admin.com", "is_staff": true, "is_active": true, "date_joined": "2018-10-08T17:23:00.202Z", "groups": [], "user_permissions": []}}, {"model": "admin.logentry", "pk": 1, "fields": {"action_time": "2018-10-08T17:30:28.277Z", "user": 1, "content_type": 11, "object_id": "1", "object_repr": "Brand object", "action_flag": 1, "change_message": "[{\"added\": {}}]"}}, {"model": "admin.logentry", "pk": 2, "fields": {"action_time": "2018-10-08T17:30:45.633Z", "user": 1, "content_type": 10, "object_id": "1", "object_repr": "Kind object", "action_flag": 1, "change_message": "[{\"added\": {}}]"}}, {"model": "admin.logentry", "pk": 3, "fields": {"action_time": "2018-10-08T18:28:09.523Z", "user": 1, "content_type": 9, "object_id": "1", "object_repr": "User object", "action_flag": 1, "change_message": "[{\"added\": {}}]"}}, {"model": "admin.logentry", "pk": 4, "fields": {"action_time": "2018-10-08T18:28:31.874Z", "user": 1, "content_type": 11, "object_id": "2", "object_repr": "Honda", "action_flag": 1, "change_message": "[{\"added\": {}}]"}}, {"model": "admin.logentry", "pk": 5, "fields": {"action_time": "2018-10-08T18:29:11.354Z", "user": 1, "content_type": 10, "object_id": "2", "object_repr": "vehiculo", "action_flag": 1, "change_message": "[{\"added\": {}}]"}}, {"model": "admin.logentry", "pk": 6, "fields": {"action_time": "2018-10-08T19:17:15.866Z", "user": 1, "content_type": 13, "object_id": "1", "object_repr": "State object", "action_flag": 1, "change_message": "[{\"added\": {}}]"}}, {"model": "admin.logentry", "pk": 7, "fields": {"action_time": "2018-10-08T19:17:44.177Z", "user": 1, "content_type": 13, "object_id": "2", "object_repr": "Inactivo", "action_flag": 1, "change_message": "[{\"added\": {}}]"}}, {"model": "admin.logentry", "pk": 8, "fields": {"action_time": "2018-10-08T19:17:51.748Z", "user": 1, "content_type": 13, "object_id": "3", "object_repr": "Oculto", "action_flag": 1, "change_message": "[{\"added\": {}}]"}}, {"model": "admin.logentry", "pk": 9, "fields": {"action_time": "2018-10-08T19:18:05.429Z", "user": 1, "content_type": 9, "object_id": "1", "object_repr": "andres", "action_flag": 2, "change_message": "[]"}}, {"model": "admin.logentry", "pk": 10, "fields": {"action_time": "2018-10-08T19:19:20.831Z", "user": 1, "content_type": 12, "object_id": "1", "object_repr": "Colombia", "action_flag": 1, "change_message": "[{\"added\": {}}]"}}, {"model": "admin.logentry", "pk": 11, "fields": {"action_time": "2018-10-08T19:19:28.352Z", "user": 1, "content_type": 12, "object_id": "2", "object_repr": "Argentina", "action_flag": 1, "change_message": "[{\"added\": {}}]"}}, {"model": "admin.logentry", "pk": 12, "fields": {"action_time": "2018-10-08T19:19:39.488Z", "user": 1, "content_type": 12, "object_id": "3", "object_repr": "Ecuador", "action_flag": 1, "change_message": "[{\"added\": {}}]"}}, {"model": "admin.logentry", "pk": 13, "fields": {"action_time": "2018-10-08T19:19:57.297Z", "user": 1, "content_type": 14, "object_id": "1", "object_repr": "Bogot\u00e1", "action_flag": 1, "change_message": "[{\"added\": {}}]"}}, {"model": "admin.logentry", "pk": 14, "fields": {"action_time": "2018-10-08T19:20:06.756Z", "user": 1, "content_type": 14, "object_id": "2", "object_repr": "Quito", "action_flag": 1, "change_message": "[{\"added\": {}}]"}}, {"model": "admin.logentry", "pk": 15, "fields": {"action_time": "2018-10-08T19:20:18.576Z", "user": 1, "content_type": 14, "object_id": "3", "object_repr": "Buenos aires", "action_flag": 1, "change_message": "[{\"added\": {}}]"}}, {"model": "admin.logentry", "pk": 16, "fields": {"action_time": "2018-10-08T19:21:42.379Z", "user": 1, "content_type": 7, "object_id": "1", "object_repr": "abc123", "action_flag": 1, "change_message": "[{\"added\": {}}]"}}, {"model": "admin.logentry", "pk": 17, "fields": {"action_time": "2018-10-08T19:22:14.315Z", "user": 1, "content_type": 8, "object_id": "1", "object_repr": "UserVehicle object", "action_flag": 1, "change_message": "[{\"added\": {}}]"}}, {"model": "admin.logentry", "pk": 18, "fields": {"action_time": "2018-10-08T19:22:35.936Z", "user": 1, "content_type": 11, "object_id": "2", "object_repr": "Honda", "action_flag": 2, "change_message": "[{\"changed\": {\"fields\": [\"image\"]}}]"}}, {"model": "admin.logentry", "pk": 19, "fields": {"action_time": "2018-10-08T19:28:43.047Z", "user": 1, "content_type": 10, "object_id": "2", "object_repr": "Autom\u00f3vil", "action_flag": 2, "change_message": "[{\"changed\": {\"fields\": [\"name\", \"image\"]}}]"}}, {"model": "admin.logentry", "pk": 20, "fields": {"action_time": "2018-10-08T19:29:06.147Z", "user": 1, "content_type": 10, "object_id": "1", "object_repr": "Camioneta", "action_flag": 2, "change_message": "[{\"changed\": {\"fields\": [\"name\", \"image\"]}}]"}}, {"model": "admin.logentry", "pk": 21, "fields": {"action_time": "2018-10-08T19:29:27.726Z", "user": 1, "content_type": 10, "object_id": "3", "object_repr": "Cami\u00f3n", "action_flag": 1, "change_message": "[{\"added\": {}}]"}}, {"model": "admin.logentry", "pk": 22, "fields": {"action_time": "2018-10-08T19:31:46.789Z", "user": 1, "content_type": 9, "object_id": "2", "object_repr": "Juan", "action_flag": 1, "change_message": "[{\"added\": {}}]"}}, {"model": "admin.logentry", "pk": 23, "fields": {"action_time": "2018-10-08T19:31:57.463Z", "user": 1, "content_type": 9, "object_id": "1", "object_repr": "Andres", "action_flag": 2, "change_message": "[{\"changed\": {\"fields\": [\"first_name\", \"last_name\"]}}]"}}, {"model": "admin.logentry", "pk": 24, "fields": {"action_time": "2018-10-08T19:55:07.987Z", "user": 1, "content_type": 11, "object_id": "2", "object_repr": "Honda", "action_flag": 2, "change_message": "[{\"changed\": {\"fields\": [\"image\"]}}]"}}, {"model": "admin.logentry", "pk": 25, "fields": {"action_time": "2018-10-08T19:55:21.163Z", "user": 1, "content_type": 11, "object_id": "1", "object_repr": "Susuki", "action_flag": 2, "change_message": "[{\"changed\": {\"fields\": [\"name\", \"image\"]}}]"}}, {"model": "admin.logentry", "pk": 26, "fields": {"action_time": "2018-10-09T03:19:42.988Z", "user": 1, "content_type": 22, "object_id": "1", "object_repr": "Activo", "action_flag": 1, "change_message": "[{\"added\": {}}]"}}, {"model": "admin.logentry", "pk": 27, "fields": {"action_time": "2018-10-09T03:19:50.084Z", "user": 1, "content_type": 22, "object_id": "2", "object_repr": "Inactivo", "action_flag": 1, "change_message": "[{\"added\": {}}]"}}, {"model": "admin.logentry", "pk": 28, "fields": {"action_time": "2018-10-09T03:19:56.402Z", "user": 1, "content_type": 22, "object_id": "3", "object_repr": "Oculto", "action_flag": 1, "change_message": "[{\"added\": {}}]"}}, {"model": "admin.logentry", "pk": 29, "fields": {"action_time": "2018-10-09T03:20:10.854Z", "user": 1, "content_type": 16, "object_id": "1", "object_repr": "Colombia", "action_flag": 1, "change_message": "[{\"added\": {}}]"}}, {"model": "admin.logentry", "pk": 30, "fields": {"action_time": "2018-10-09T03:20:16.450Z", "user": 1, "content_type": 16, "object_id": "2", "object_repr": "Ecuador", "action_flag": 1, "change_message": "[{\"added\": {}}]"}}, {"model": "admin.logentry", "pk": 31, "fields": {"action_time": "2018-10-09T03:20:23.863Z", "user": 1, "content_type": 16, "object_id": "3", "object_repr": "Argentina", "action_flag": 1, "change_message": "[{\"added\": {}}]"}}, {"model": "admin.logentry", "pk": 32, "fields": {"action_time": "2018-10-09T03:20:45.367Z", "user": 1, "content_type": 23, "object_id": "1", "object_repr": "Bogot\u00e1", "action_flag": 1, "change_message": "[{\"added\": {}}]"}}, {"model": "admin.logentry", "pk": 33, "fields": {"action_time": "2018-10-09T03:20:52.968Z", "user": 1, "content_type": 23, "object_id": "2", "object_repr": "Quito", "action_flag": 1, "change_message": "[{\"added\": {}}]"}}, {"model": "admin.logentry", "pk": 34, "fields": {"action_time": "2018-10-09T03:21:01.183Z", "user": 1, "content_type": 23, "object_id": "3", "object_repr": "Buenos aires", "action_flag": 1, "change_message": "[{\"added\": {}}]"}}, {"model": "admin.logentry", "pk": 35, "fields": {"action_time": "2018-10-09T03:21:07.844Z", "user": 1, "content_type": 23, "object_id": "4", "object_repr": "Cali", "action_flag": 1, "change_message": "[{\"added\": {}}]"}}, {"model": "admin.logentry", "pk": 36, "fields": {"action_time": "2018-10-09T03:21:16.907Z", "user": 1, "content_type": 23, "object_id": "5", "object_repr": "Guayaquil", "action_flag": 1, "change_message": "[{\"added\": {}}]"}}, {"model": "admin.logentry", "pk": 37, "fields": {"action_time": "2018-10-09T03:21:42.988Z", "user": 1, "content_type": 23, "object_id": "6", "object_repr": "Rosario", "action_flag": 1, "change_message": "[{\"added\": {}}]"}}, {"model": "admin.logentry", "pk": 38, "fields": {"action_time": "2018-10-09T03:23:57.015Z", "user": 1, "content_type": 20, "object_id": "1", "object_repr": "Camioneta", "action_flag": 1, "change_message": "[{\"added\": {}}]"}}, {"model": "admin.logentry", "pk": 39, "fields": {"action_time": "2018-10-09T03:24:36.989Z", "user": 1, "content_type": 20, "object_id": "2", "object_repr": "Autom\u00f3vil", "action_flag": 1, "change_message": "[{\"added\": {}}]"}}, {"model": "admin.logentry", "pk": 40, "fields": {"action_time": "2018-10-09T03:25:13.432Z", "user": 1, "content_type": 20, "object_id": "3", "object_repr": "Cami\u00f3n", "action_flag": 1, "change_message": "[{\"added\": {}}]"}}, {"model": "admin.logentry", "pk": 41, "fields": {"action_time": "2018-10-09T03:27:40.103Z", "user": 1, "content_type": 19, "object_id": "1", "object_repr": "Mazda", "action_flag": 1, "change_message": "[{\"added\": {}}]"}}, {"model": "admin.logentry", "pk": 42, "fields": {"action_time": "2018-10-09T03:27:50.291Z", "user": 1, "content_type": 19, "object_id": "2", "object_repr": "Suzuki", "action_flag": 1, "change_message": "[{\"added\": {}}]"}}, {"model": "admin.logentry", "pk": 43, "fields": {"action_time": "2018-10-09T03:28:02.228Z", "user": 1, "content_type": 19, "object_id": "3", "object_repr": "Honda", "action_flag": 1, "change_message": "[{\"added\": {}}]"}}, {"model": "admin.logentry", "pk": 44, "fields": {"action_time": "2018-10-09T03:28:35.214Z", "user": 1, "content_type": 21, "object_id": "1", "object_repr": "abc123", "action_flag": 1, "change_message": "[{\"added\": {}}]"}}, {"model": "admin.logentry", "pk": 45, "fields": {"action_time": "2018-10-09T03:28:47.168Z", "user": 1, "content_type": 21, "object_id": "2", "object_repr": "abc123", "action_flag": 1, "change_message": "[{\"added\": {}}]"}}, {"model": "admin.logentry", "pk": 46, "fields": {"action_time": "2018-10-09T03:29:45.457Z", "user": 1, "content_type": 21, "object_id": "1", "object_repr": "abc123", "action_flag": 2, "change_message": "[{\"changed\": {\"fields\": [\"city\"]}}]"}}, {"model": "admin.logentry", "pk": 47, "fields": {"action_time": "2018-10-09T03:30:02.399Z", "user": 1, "content_type": 21, "object_id": "3", "object_repr": "def234", "action_flag": 1, "change_message": "[{\"added\": {}}]"}}, {"model": "admin.logentry", "pk": 48, "fields": {"action_time": "2018-10-09T03:30:25.030Z", "user": 1, "content_type": 21, "object_id": "4", "object_repr": "ghi345", "action_flag": 1, "change_message": "[{\"added\": {}}]"}}, {"model": "admin.logentry", "pk": 49, "fields": {"action_time": "2018-10-09T03:30:46.446Z", "user": 1, "content_type": 21, "object_id": "5", "object_repr": "jkl456", "action_flag": 1, "change_message": "[{\"added\": {}}]"}}, {"model": "admin.logentry", "pk": 50, "fields": {"action_time": "2018-10-09T03:31:04.225Z", "user": 1, "content_type": 21, "object_id": "6", "object_repr": "mno567", "action_flag": 1, "change_message": "[{\"added\": {}}]"}}, {"model": "admin.logentry", "pk": 51, "fields": {"action_time": "2018-10-09T03:32:55.506Z", "user": 1, "content_type": 17, "object_id": "1", "object_repr": "andres", "action_flag": 1, "change_message": "[{\"added\": {}}]"}}, {"model": "admin.logentry", "pk": 52, "fields": {"action_time": "2018-10-09T03:34:05.151Z", "user": 1, "content_type": 17, "object_id": "2", "object_repr": "Juan", "action_flag": 1, "change_message": "[{\"added\": {}}]"}}, {"model": "admin.logentry", "pk": 53, "fields": {"action_time": "2018-10-09T03:34:39.957Z", "user": 1, "content_type": 17, "object_id": "3", "object_repr": "Miguel", "action_flag": 1, "change_message": "[{\"added\": {}}]"}}, {"model": "admin.logentry", "pk": 54, "fields": {"action_time": "2018-10-09T03:36:26.516Z", "user": 1, "content_type": 18, "object_id": "1", "object_repr": "andres", "action_flag": 1, "change_message": "[{\"added\": {}}]"}}, {"model": "admin.logentry", "pk": 55, "fields": {"action_time": "2018-10-09T03:36:31.921Z", "user": 1, "content_type": 18, "object_id": "2", "object_repr": "Juan", "action_flag": 1, "change_message": "[{\"added\": {}}]"}}, {"model": "admin.logentry", "pk": 56, "fields": {"action_time": "2018-10-09T03:36:36.759Z", "user": 1, "content_type": 18, "object_id": "3", "object_repr": "Miguel", "action_flag": 1, "change_message": "[{\"added\": {}}]"}}, {"model": "admin.logentry", "pk": 57, "fields": {"action_time": "2018-10-09T03:36:44.614Z", "user": 1, "content_type": 18, "object_id": "4", "object_repr": "andres", "action_flag": 1, "change_message": "[{\"added\": {}}]"}}, {"model": "admin.logentry", "pk": 58, "fields": {"action_time": "2018-10-09T03:36:52.628Z", "user": 1, "content_type": 18, "object_id": "5", "object_repr": "Juan", "action_flag": 1, "change_message": "[{\"added\": {}}]"}}, {"model": "admin.logentry", "pk": 59, "fields": {"action_time": "2018-10-10T06:52:56.759Z", "user": 1, "content_type": 18, "object_id": "3", "object_repr": "Miguel", "action_flag": 2, "change_message": "[{\"changed\": {\"fields\": [\"vehicle\"]}}]"}}, {"model": "admin.logentry", "pk": 60, "fields": {"action_time": "2018-10-10T07:27:05.320Z", "user": 1, "content_type": 17, "object_id": "4", "object_repr": "Ramiro Duvan", "action_flag": 2, "change_message": "[{\"changed\": {\"fields\": [\"first_name\", \"last_name\"]}}]"}}, {"model": "admin.logentry", "pk": 61, "fields": {"action_time": "2018-10-10T07:27:26.144Z", "user": 1, "content_type": 17, "object_id": "4", "object_repr": "Ramiro Duvan", "action_flag": 2, "change_message": "[{\"changed\": {\"fields\": [\"email\"]}}]"}}, {"model": "admin.logentry", "pk": 62, "fields": {"action_time": "2018-10-10T07:27:51.056Z", "user": 1, "content_type": 17, "object_id": "3", "object_repr": "Miguel Angel", "action_flag": 2, "change_message": "[{\"changed\": {\"fields\": [\"email\", \"first_name\", \"last_name\"]}}]"}}, {"model": "admin.logentry", "pk": 63, "fields": {"action_time": "2018-10-10T07:28:11.152Z", "user": 1, "content_type": 17, "object_id": "2", "object_repr": "Juan David", "action_flag": 2, "change_message": "[{\"changed\": {\"fields\": [\"email\", \"first_name\", \"last_name\"]}}]"}}, {"model": "admin.logentry", "pk": 64, "fields": {"action_time": "2018-10-10T07:28:46.515Z", "user": 1, "content_type": 17, "object_id": "1", "object_repr": "Fabian Andres", "action_flag": 2, "change_message": "[{\"changed\": {\"fields\": [\"email\", \"identification\", \"first_name\", \"last_name\"]}}]"}}]